[{"model": "sessions.session", "pk": "5vf9hqgmjkkqkq6a2y97k4cr21leeud0", "fields": {"session_data": ".eJxVjEEOwiAQRe_C2pBSpgO4dO8ZyHQYpGpoUtqV8e7apAvd_vfef6lI21ri1mSJU1JnZdTpdxuJH1J3kO5Ub7Pmua7LNOpd0Qdt-joneV4O9--gUCvfukNAHoOznSGbQ0bnxSRHDjpJGGRIYC0MXggZAmbOGXlg1zsPJvSo3h_TJTdo:1lM7hN:yDJuYG0T5_UJYO9nkQIm4bym6ERDrFHk1EntsX8aRTA", "expire_date": "2021-03-30T11:17:17.288Z"}}, {"model": "sessions.session", "pk": "5ydwhubxoxtgiubstovzvify61sw1u4m", "fields": {"session_data": ".eJxVjMsOwiAQRf-FtSEMr4JL934DYWCQqoGktCvjv2uTLnR7zzn3xULc1hq2QUuYMzszDez0O2JMD2o7yffYbp2n3tZlRr4r_KCDX3um5-Vw_w5qHPVbF-uTsqTJ0gTSoCsCACwV0hZRSlPAx4zKexVlkeCVQm8mkVE74Qyw9wcD_Dd7:1lViHI:2YvhGhZiqdML4r_jp5gzMiQpxybZMY64BCZIRWbpEtU", "expire_date": "2021-04-25T22:10:00.119Z"}}, {"model": "sessions.session", "pk": "8aizomyfbdbtrjgptz6djv4cptcex1h9", "fields": {"session_data": ".eJxVjLsOgjAARf-ls2Lpi9ZNB42DRl10I30KosXQgibGfxcSFtZzz7lf4O0ngiVYgBnoqnkt21igPEQZbU8Jvm58Z4N8wtOh06vWX4pt1prd8e3OlX_1UT4UeRtsk5emT8SUKakr64fB3KW_1YmufWxKlQxKMq4h2dfGPtajOzkoZCj6mjNBM5xqQQQ2knJKFGFUcMbT1AlKNGTKIYxUSrQm0CCSMYedk4rDDEEGfn93m0vJ:1lamBA:ADk2ldq_dYQ9E1_VqIorvaGQg9ARghJpRaIXHHZua-0", "expire_date": "2021-05-09T21:20:36.499Z"}}, {"model": "sessions.session", "pk": "w9cjuz4wt9rq2pvcymsp7ebl9om5sht0", "fields": {"session_data": "e30:1lUOtt:BTMDo962I4jedtcdaDQHG3Q-49OUD6qzlON45_0LXtc", "expire_date": "2021-04-22T07:16:25.081Z"}}, {"model": "social_django.usersocialauth", "pk": 2, "fields": {"user": 39, "provider": "vk-oauth2", "uid": "209996808", "extra_data": "{\"auth_time\": 1617953507, \"id\": 209996808, \"expires\": 86399, \"access_token\": \"72cc5416f4379ec02266169ae53ea95ef9b935c59a7071ee095c59abc51b016700f7e1ea8e80786f41019\", \"token_type\": null}", "created": "2021-04-07T17:37:51.741Z", "modified": "2021-04-09T07:31:47.397Z"}}, {"model": "social_django.usersocialauth", "pk": 3, "fields": {"user": 42, "provider": "google-oauth2", "uid": "zigzagpupiy@gmail.com", "extra_data": "{\"auth_time\": 1617875357, \"expires\": 3599, \"token_type\": \"Bearer\", \"access_token\": \"ya29.a0AfH6SMDt5P6R8OvUiKXeFGaBJeRj9l-5gb0sfhjMawzxB_yHgdkvRBrpNypVRLubWQeKKRN9YPzWiOcK1MTwVmUvRfjDmmh63-KqbBuzOIdz1oRKRYB4D-RBJUHEFaZJiEP0U8yWIIgDjxWWPY7WAucSFVAv\"}", "created": "2021-04-08T08:44:12.951Z", "modified": "2021-04-08T09:49:17.678Z"}}, {"model": "ordersapp.order", "pk": 1, "fields": {"user": 41, "created": "2021-04-09T14:52:02.828Z", "updated": "2021-04-10T12:28:39.428Z", "status": "FM", "is_active": false}}, {"model": "ordersapp.order", "pk": 2, "fields": {"user": 41, "created": "2021-04-09T15:03:10.413Z", "updated": "2021-04-10T12:28:43.296Z", "status": "FM", "is_active": false}}, {"model": "ordersapp.order", "pk": 3, "fields": {"user": 41, "created": "2021-04-09T15:05:54.338Z", "updated": "2021-04-10T11:17:45.946Z", "status": "FM", "is_active": false}}, {"model": "ordersapp.order", "pk": 4, "fields": {"user": 41, "created": "2021-04-09T15:10:29.881Z", "updated": "2021-04-10T11:17:43.216Z", "status": "FM", "is_active": false}}, {"model": "ordersapp.order", "pk": 5, "fields": {"user": 41, "created": "2021-04-09T15:24:04.511Z", "updated": "2021-04-10T11:17:39.148Z", "status": "FM", "is_active": false}}, {"model": "ordersapp.order", "pk": 6, "fields": {"user": 41, "created": "2021-04-09T15:26:35.786Z", "updated": "2021-04-10T11:17:34.406Z", "status": "FM", "is_active": false}}, {"model": "ordersapp.order", "pk": 7, "fields": {"user": 41, "created": "2021-04-09T15:26:58.820Z", "updated": "2021-04-09T16:09:54.249Z", "status": "FM", "is_active": false}}, {"model": "ordersapp.order", "pk": 8, "fields": {"user": 41, "created": "2021-04-09T16:05:05.325Z", "updated": "2021-04-09T16:05:05.520Z", "status": "FM", "is_active": false}}, {"model": "ordersapp.order", "pk": 9, "fields": {"user": 41, "created": "2021-04-09T16:10:28.461Z", "updated": "2021-04-11T22:09:44.765Z", "status": "RDY", "is_active": true}}, {"model": "ordersapp.order", "pk": 10, "fields": {"user": 41, "created": "2021-04-09T16:24:59.300Z", "updated": "2021-04-10T11:17:30.116Z", "status": "FM", "is_active": false}}, {"model": "ordersapp.order", "pk": 11, "fields": {"user": 41, "created": "2021-04-10T11:18:01.840Z", "updated": "2021-04-10T11:22:59.314Z", "status": "FM", "is_active": false}}, {"model": "ordersapp.order", "pk": 12, "fields": {"user": 41, "created": "2021-04-10T11:22:40.826Z", "updated": "2021-04-10T11:23:03.116Z", "status": "FM", "is_active": false}}, {"model": "ordersapp.order", "pk": 13, "fields": {"user": 41, "created": "2021-04-10T11:58:51.583Z", "updated": "2021-04-10T12:28:45.604Z", "status": "FM", "is_active": false}}, {"model": "ordersapp.order", "pk": 14, "fields": {"user": 41, "created": "2021-04-10T11:58:52.928Z", "updated": "2021-04-10T11:58:53.113Z", "status": "FM", "is_active": false}}, {"model": "ordersapp.order", "pk": 15, "fields": {"user": 41, "created": "2021-04-10T12:00:21.252Z", "updated": "2021-04-10T12:00:21.563Z", "status": "FM", "is_active": false}}, {"model": "ordersapp.order", "pk": 16, "fields": {"user": 41, "created": "2021-04-10T12:02:13.874Z", "updated": "2021-04-10T12:02:14.077Z", "status": "FM", "is_active": false}}, {"model": "ordersapp.order", "pk": 17, "fields": {"user": 41, "created": "2021-04-10T12:02:17.116Z", "updated": "2021-04-10T12:02:17.902Z", "status": "FM", "is_active": false}}, {"model": "ordersapp.order", "pk": 18, "fields": {"user": 41, "created": "2021-04-10T12:02:56.120Z", "updated": "2021-04-10T12:28:48.845Z", "status": "FM", "is_active": false}}, {"model": "ordersapp.order", "pk": 19, "fields": {"user": 41, "created": "2021-04-10T12:05:39.125Z", "updated": "2021-04-10T17:43:09.952Z", "status": "FM", "is_active": false}}, {"model": "ordersapp.order", "pk": 20, "fields": {"user": 41, "created": "2021-04-10T12:27:17.609Z", "updated": "2021-04-10T17:43:00.115Z", "status": "FM", "is_active": false}}, {"model": "ordersapp.order", "pk": 21, "fields": {"user": 41, "created": "2021-04-10T12:27:44.712Z", "updated": "2021-04-10T12:27:44.889Z", "status": "FM", "is_active": false}}, {"model": "ordersapp.order", "pk": 22, "fields": {"user": 41, "created": "2021-04-10T12:28:03.050Z", "updated": "2021-04-11T22:03:33.285Z", "status": "CNC", "is_active": true}}, {"model": "ordersapp.order", "pk": 23, "fields": {"user": 41, "created": "2021-04-10T12:44:44.180Z", "updated": "2021-04-10T17:42:56.125Z", "status": "FM", "is_active": false}}, {"model": "ordersapp.order", "pk": 24, "fields": {"user": 41, "created": "2021-04-10T17:40:04.497Z", "updated": "2021-04-17T07:44:00.169Z", "status": "FM", "is_active": true}}, {"model": "ordersapp.order", "pk": 25, "fields": {"user": 9, "created": "2021-04-11T19:54:39.873Z", "updated": "2021-04-11T19:54:40.165Z", "status": "FM", "is_active": false}}, {"model": "ordersapp.order", "pk": 26, "fields": {"user": 9, "created": "2021-04-11T19:54:52.066Z", "updated": "2021-04-28T16:49:43.533Z", "status": "FM", "is_active": true}}, {"model": "ordersapp.order", "pk": 27, "fields": {"user": 41, "created": "2021-04-13T16:47:01.519Z", "updated": "2021-04-17T07:31:41.517Z", "status": "FM", "is_active": true}}, {"model": "ordersapp.order", "pk": 28, "fields": {"user": 41, "created": "2021-04-13T18:06:34.805Z", "updated": "2021-04-17T11:25:58.927Z", "status": "FM", "is_active": true}}, {"model": "ordersapp.order", "pk": 29, "fields": {"user": 9, "created": "2021-04-25T21:20:50.586Z", "updated": "2021-04-28T16:51:28.468Z", "status": "FM", "is_active": true}}, {"model": "ordersapp.order", "pk": 30, "fields": {"user": 9, "created": "2021-04-25T21:21:04.747Z", "updated": "2021-04-28T16:50:58.977Z", "status": "FM", "is_active": true}}, {"model": "ordersapp.order", "pk": 31, "fields": {"user": 9, "created": "2021-04-27T16:16:49.919Z", "updated": "2021-04-28T16:51:50.901Z", "status": "FM", "is_active": true}}, {"model": "ordersapp.order", "pk": 32, "fields": {"user": 9, "created": "2021-04-27T16:17:04.503Z", "updated": "2021-04-27T18:55:15.353Z", "status": "FM", "is_active": true}}, {"model": "ordersapp.order", "pk": 33, "fields": {"user": 9, "created": "2021-04-28T16:55:49.467Z", "updated": "2021-04-28T16:55:49.792Z", "status": "FM", "is_active": false}}, {"model": "ordersapp.order", "pk": 34, "fields": {"user": 9, "created": "2021-04-28T16:59:02.902Z", "updated": "2021-04-28T16:59:03.228Z", "status": "FM", "is_active": false}}, {"model": "ordersapp.order", "pk": 35, "fields": {"user": 9, "created": "2021-04-28T16:59:36.763Z", "updated": "2021-04-28T16:59:37.064Z", "status": "FM", "is_active": false}}, {"model": "ordersapp.order", "pk": 36, "fields": {"user": 9, "created": "2021-04-28T16:59:47.717Z", "updated": "2021-04-28T16:59:48.016Z", "status": "FM", "is_active": false}}, {"model": "ordersapp.order", "pk": 37, "fields": {"user": 9, "created": "2021-04-28T17:01:05.084Z", "updated": "2021-04-28T17:01:05.337Z", "status": "FM", "is_active": true}}, {"model": "ordersapp.order", "pk": 38, "fields": {"user": 9, "created": "2021-04-28T17:05:37.644Z", "updated": "2021-04-28T17:05:37.873Z", "status": "FM", "is_active": true}}, {"model": "ordersapp.orderitem", "pk": 1, "fields": {"order": 1, "product": 66, "quantity": 1}}, {"model": "ordersapp.orderitem", "pk": 2, "fields": {"order": 1, "product": 59, "quantity": 1}}, {"model": "ordersapp.orderitem", "pk": 3, "fields": {"order": 1, "product": 62, "quantity": 1}}, {"model": "ordersapp.orderitem", "pk": 4, "fields": {"order": 1, "product": 61, "quantity": 2}}, {"model": "ordersapp.orderitem", "pk": 5, "fields": {"order": 1, "product": 63, "quantity": 1}}, {"model": "ordersapp.orderitem", "pk": 6, "fields": {"order": 1, "product": 58, "quantity": 1}}, {"model": "ordersapp.orderitem", "pk": 7, "fields": {"order": 1, "product": 64, "quantity": 1}}, {"model": "ordersapp.orderitem", "pk": 8, "fields": {"order": 2, "product": 66, "quantity": 1}}, {"model": "ordersapp.orderitem", "pk": 9, "fields": {"order": 2, "product": 59, "quantity": 1}}, {"model": "ordersapp.orderitem", "pk": 10, "fields": {"order": 2, "product": 62, "quantity": 1}}, {"model": "ordersapp.orderitem", "pk": 11, "fields": {"order": 2, "product": 61, "quantity": 2}}, {"model": "ordersapp.orderitem", "pk": 12, "fields": {"order": 2, "product": 63, "quantity": 1}}, {"model": "ordersapp.orderitem", "pk": 13, "fields": {"order": 2, "product": 58, "quantity": 1}}, {"model": "ordersapp.orderitem", "pk": 14, "fields": {"order": 2, "product": 64, "quantity": 1}}, {"model": "ordersapp.orderitem", "pk": 15, "fields": {"order": 3, "product": 66, "quantity": 1}}, {"model": "ordersapp.orderitem", "pk": 16, "fields": {"order": 3, "product": 59, "quantity": 1}}, {"model": "ordersapp.orderitem", "pk": 17, "fields": {"order": 3, "product": 62, "quantity": 1}}, {"model": "ordersapp.orderitem", "pk": 18, "fields": {"order": 3, "product": 61, "quantity": 2}}, {"model": "ordersapp.orderitem", "pk": 19, "fields": {"order": 3, "product": 63, "quantity": 1}}, {"model": "ordersapp.orderitem", "pk": 20, "fields": {"order": 3, "product": 58, "quantity": 1}}, {"model": "ordersapp.orderitem", "pk": 21, "fields": {"order": 3, "product": 64, "quantity": 1}}, {"model": "ordersapp.orderitem", "pk": 22, "fields": {"order": 4, "product": 66, "quantity": 1}}, {"model": "ordersapp.orderitem", "pk": 23, "fields": {"order": 4, "product": 59, "quantity": 1}}, {"model": "ordersapp.orderitem", "pk": 24, "fields": {"order": 4, "product": 62, "quantity": 1}}, {"model": "ordersapp.orderitem", "pk": 25, "fields": {"order": 4, "product": 61, "quantity": 2}}, {"model": "ordersapp.orderitem", "pk": 26, "fields": {"order": 4, "product": 63, "quantity": 1}}, {"model": "ordersapp.orderitem", "pk": 27, "fields": {"order": 4, "product": 58, "quantity": 1}}, {"model": "ordersapp.orderitem", "pk": 28, "fields": {"order": 4, "product": 64, "quantity": 1}}, {"model": "ordersapp.orderitem", "pk": 29, "fields": {"order": 5, "product": 63, "quantity": 5}}, {"model": "ordersapp.orderitem", "pk": 30, "fields": {"order": 5, "product": 64, "quantity": 1}}, {"model": "ordersapp.orderitem", "pk": 31, "fields": {"order": 5, "product": 66, "quantity": 1}}, {"model": "ordersapp.orderitem", "pk": 32, "fields": {"order": 6, "product": 63, "quantity": 5}}, {"model": "ordersapp.orderitem", "pk": 33, "fields": {"order": 6, "product": 64, "quantity": 1}}, {"model": "ordersapp.orderitem", "pk": 34, "fields": {"order": 6, "product": 66, "quantity": 1}}, {"model": "ordersapp.orderitem", "pk": 35, "fields": {"order": 7, "product": 57, "quantity": 1}}, {"model": "ordersapp.orderitem", "pk": 36, "fields": {"order": 7, "product": 66, "quantity": 1}}, {"model": "ordersapp.orderitem", "pk": 37, "fields": {"order": 9, "product": 65, "quantity": 3}}, {"model": "ordersapp.orderitem", "pk": 38, "fields": {"order": 9, "product": 57, "quantity": 2}}, {"model": "ordersapp.orderitem", "pk": 39, "fields": {"order": 9, "product": 59, "quantity": 1}}, {"model": "ordersapp.orderitem", "pk": 40, "fields": {"order": 10, "product": 58, "quantity": 2}}, {"model": "ordersapp.orderitem", "pk": 41, "fields": {"order": 10, "product": 59, "quantity": 1}}, {"model": "ordersapp.orderitem", "pk": 42, "fields": {"order": 11, "product": 59, "quantity": 2}}, {"model": "ordersapp.orderitem", "pk": 43, "fields": {"order": 11, "product": 57, "quantity": 1}}, {"model": "ordersapp.orderitem", "pk": 44, "fields": {"order": 11, "product": 59, "quantity": 2}}, {"model": "ordersapp.orderitem", "pk": 45, "fields": {"order": 12, "product": 65, "quantity": 1}}, {"model": "ordersapp.orderitem", "pk": 46, "fields": {"order": 15, "product": 57, "quantity": 0}}, {"model": "ordersapp.orderitem", "pk": 47, "fields": {"order": 18, "product": 58, "quantity": 1}}, {"model": "ordersapp.orderitem", "pk": 48, "fields": {"order": 18, "product": 61, "quantity": 1}}, {"model": "ordersapp.orderitem", "pk": 49, "fields": {"order": 19, "product": 58, "quantity": 1}}, {"model": "ordersapp.orderitem", "pk": 50, "fields": {"order": 19, "product": 61, "quantity": 1}}, {"model": "ordersapp.orderitem", "pk": 51, "fields": {"order": 20, "product": 58, "quantity": 1}}, {"model": "ordersapp.orderitem", "pk": 52, "fields": {"order": 20, "product": 61, "quantity": 1}}, {"model": "ordersapp.orderitem", "pk": 53, "fields": {"order": 22, "product": 57, "quantity": 1}}, {"model": "ordersapp.orderitem", "pk": 54, "fields": {"order": 23, "product": 65, "quantity": 2}}, {"model": "ordersapp.orderitem", "pk": 55, "fields": {"order": 23, "product": 64, "quantity": 1}}, {"model": "ordersapp.orderitem", "pk": 57, "fields": {"order": 25, "product": 57, "quantity": 0}}, {"model": "ordersapp.orderitem", "pk": 58, "fields": {"order": 26, "product": 62, "quantity": 1}}, {"model": "ordersapp.orderitem", "pk": 66, "fields": {"order": 28, "product": 65, "quantity": 1}}, {"model": "ordersapp.orderitem", "pk": 67, "fields": {"order": 28, "product": 59, "quantity": 2}}, {"model": "ordersapp.orderitem", "pk": 70, "fields": {"order": 27, "product": 61, "quantity": 0}}, {"model": "ordersapp.orderitem", "pk": 71, "fields": {"order": 27, "product": 62, "quantity": 1}}, {"model": "ordersapp.orderitem", "pk": 72, "fields": {"order": 24, "product": 62, "quantity": 2}}, {"model": "ordersapp.orderitem", "pk": 73, "fields": {"order": 24, "product": 64, "quantity": 1}}, {"model": "ordersapp.orderitem", "pk": 74, "fields": {"order": 28, "product": 61, "quantity": 1}}, {"model": "ordersapp.orderitem", "pk": 75, "fields": {"order": 29, "product": 59, "quantity": 1}}, {"model": "ordersapp.orderitem", "pk": 76, "fields": {"order": 30, "product": 61, "quantity": 2}}, {"model": "ordersapp.orderitem", "pk": 77, "fields": {"order": 31, "product": 57, "quantity": 2}}, {"model": "ordersapp.orderitem", "pk": 78, "fields": {"order": 31, "product": 58, "quantity": 1}}, {"model": "ordersapp.orderitem", "pk": 79, "fields": {"order": 32, "product": 61, "quantity": 1}}, {"model": "ordersapp.orderitem", "pk": 84, "fields": {"order": 32, "product": 64, "quantity": 1}}, {"model": "ordersapp.orderitem", "pk": 86, "fields": {"order": 37, "product": 59, "quantity": 1}}, {"model": "ordersapp.orderitem", "pk": 87, "fields": {"order": 38, "product": 63, "quantity": 1}}, {"model": "mainapp.productcategory", "pk": 9, "fields": {"name": "дом", "description": "отличная мебель для домашнего интерьера.", "is_active": true}}, {"model": "mainapp.productcategory", "pk": 10, "fields": {"name": "офис", "description": "стильная и надежная офисная мебель нового поколения.", "is_active": true}}, {"model": "mainapp.productcategory", "pk": 11, "fields": {"name": "модерн", "description": "мебель в стиле МОДЕРН подойдет для любого интерьера.", "is_active": true}}, {"model": "mainapp.productcategory", "pk": 12, "fields": {"name": "классика", "description": "классический стиль актуален в любые времена.", "is_active": true}}, {"model": "mainapp.product", "pk": 57, "fields": {"category": 9, "name": "комфорт 1", "image": "products_images/product-1.jpg", "short_desc": "комфортный стул", "description": "подойдет для просмотра фильмов", "price": "1494.75", "quantity": 84, "is_active": true}}, {"model": "mainapp.product", "pk": 58, "fields": {"category": 9, "name": "комфорт 2", "image": "products_images/product-2.jpg", "short_desc": "очень комфортный стул", "description": "подойдет для общения с друзьями", "price": "1843.60", "quantity": 30, "is_active": true}}, {"model": "mainapp.product", "pk": 59, "fields": {"category": 9, "name": "люкс", "image": "products_images/product-3.jpg", "short_desc": "использованы премиальные материалы", "description": "для тех, кто стремится к лучшему", "price": "4079.00", "quantity": 14, "is_active": true}}, {"model": "mainapp.product", "pk": 60, "fields": {"category": 10, "name": "стандарт", "image": "products_images/product-4.jpg", "short_desc": "универсальное решение", "description": "подойдет для любого офиса", "price": "1895.25", "quantity": 27, "is_active": true}}, {"model": "mainapp.product", "pk": 61, "fields": {"category": 10, "name": "премиум", "image": "products_images/product-5.jpg", "short_desc": "улучшенный дизайн", "description": "идеально впишется в строгий интерьер офиса", "price": "3587.41", "quantity": 54, "is_active": true}}, {"model": "mainapp.product", "pk": 62, "fields": {"category": 11, "name": "новинка", "image": "products_images/product-6.jpg", "short_desc": "инновационный дизайн", "description": "нестандартное решение для современного интерьера", "price": "5361.47", "quantity": 22, "is_active": true}}, {"model": "mainapp.product", "pk": 63, "fields": {"category": 11, "name": "прогресс", "image": "products_images/product-7.jpg", "short_desc": "прогрессивный дизайн", "description": "функциональное и комфортное решение", "price": "6789.33", "quantity": 36, "is_active": true}}, {"model": "mainapp.product", "pk": 64, "fields": {"category": 12, "name": "венеция", "image": "products_images/product-8.jpg", "short_desc": "классические формы", "description": "окунитесь в европейский комфорт", "price": "4147.51", "quantity": 54, "is_active": true}}, {"model": "mainapp.product", "pk": 65, "fields": {"category": 12, "name": "тоскана", "image": "products_images/product-9.jpg", "short_desc": "эргономичная спинка", "description": "почувствуйте комфорт и насладитесь цветовой гаммой", "price": "7147.35", "quantity": 21, "is_active": true}}, {"model": "mainapp.product", "pk": 66, "fields": {"category": 12, "name": "рим", "image": "products_images/product-10.jpg", "short_desc": "удачные пропорции", "description": "компактность и функциональность", "price": "8357.77", "quantity": 15, "is_active": true}}, {"model": "authapp.shopuser", "pk": 9, "fields": {"password": "pbkdf2_sha256$216000$tZfrkiGcq82R$LlnsmC7lxrPEpwW0P50JxpcofuY8xFmSr3sB3//Oz9U=", "last_login": "2021-04-29T18:52:07.021Z", "is_superuser": true, "username": "django", "first_name": "", "last_name": "", "email": "django@local.db", "is_staff": true, "is_active": true, "date_joined": "2021-04-03T12:07:12Z", "avatar": "users_avatars/0001_YDipHJA_AhQQIH0_wrEyFgq.png", "age": 30, "activation_key": "", "activation_key_expires": "2021-04-03T13:36:22.447Z", "groups": [], "user_permissions": []}}, {"model": "authapp.shopuser", "pk": 14, "fields": {"password": "pbkdf2_sha256$216000$IC0HWWBCxYek$FA9lQBSx53hhhur+N+E/3ItaZGlOutVfhnLJOHONJuY=", "last_login": null, "is_superuser": false, "username": "django1", "first_name": "django1", "last_name": "", "email": "piy@gmail.com", "is_staff": false, "is_active": false, "date_joined": "2021-04-03T14:47:47.824Z", "avatar": "users_avatars/k20P1Jn7THk_n5c2YLB.jpg", "age": 32, "activation_key": "177470174db61cc7b59029572c243d1dd10dd75f", "activation_key_expires": "2021-04-03T14:47:48.013Z", "groups": [], "user_permissions": []}}, {"model": "authapp.shopuser", "pk": 15, "fields": {"password": "pbkdf2_sha256$216000$BHq1oA9Z6sRn$hfe6fg3ZJRvsLbjeJ2Rx9gRIrmRWqEsgoMXYJsHFNeQ=", "last_login": "2021-04-03T16:00:21.176Z", "is_superuser": false, "username": "django3", "first_name": "django3", "last_name": "", "email": "pupiy@gmail.com", "is_staff": false, "is_active": true, "date_joined": "2021-04-03T14:50:11.142Z", "avatar": "users_avatars/orinrZJHTHs_H3dQbQu.jpg", "age": 45, "activation_key": "", "activation_key_expires": "2021-04-03T14:50:11.333Z", "groups": [], "user_permissions": []}}, {"model": "authapp.shopuser", "pk": 16, "fields": {"password": "pbkdf2_sha256$216000$FAXHadxN4KHt$Ot5m+lGVvMr/D/D511Fv8e9ZmsR7Dd1W61SJZZ9gWvs=", "last_login": "2021-04-07T09:15:22.118Z", "is_superuser": false, "username": "vaspupiy12", "first_name": "vas", "last_name": "", "email": "zagpupiy@gmail.com", "is_staff": false, "is_active": true, "date_joined": "2021-04-03T16:20:45.288Z", "avatar": "users_avatars/aBL9qYCAaIZaswsoZnaZ8_6KHHb5uVSbA26DQcKm0xXXT2l1vESIP1TLTa-z7Hq9ttqYoEWTbv_ay43Bre.jpg", "age": 44, "activation_key": "", "activation_key_expires": "2021-04-03T16:20:45.515Z", "groups": [], "user_permissions": []}}, {"model": "authapp.shopuser", "pk": 17, "fields": {"password": "pbkdf2_sha256$216000$3Y30QmO5wTPJ$ae5ihntbppuvYvWo8MOUo3LreUCQpSHbR+yM9GCNiCA=", "last_login": null, "is_superuser": false, "username": "django32", "first_name": "django133", "last_name": "", "email": "qwq@qwq.ee", "is_staff": false, "is_active": false, "date_joined": "2021-04-03T20:30:47.329Z", "avatar": "", "age": 46, "activation_key": "caaa3a02ec80207a72c230bfbe085fba9cd55af7", "activation_key_expires": "2021-04-03T20:30:47.445Z", "groups": [], "user_permissions": []}}, {"model": "authapp.shopuser", "pk": 18, "fields": {"password": "pbkdf2_sha256$216000$reyTWpLyNmzx$OPDlahnARTSDiU0xOFz/xBSpJBohJTZKiNPA4yPzciQ=", "last_login": null, "is_superuser": false, "username": "qwe", "first_name": "qwe", "last_name": "", "email": "asd@qwe.re", "is_staff": false, "is_active": false, "date_joined": "2021-04-03T20:55:04Z", "avatar": "https://sun1-18.userapi.com/s/v1/if2/aBL9qYCAaIZaswsoZnaZ8_6KHHb5uVSbA26DQcKm0xXXT2l1vESIP1TLTa-z7Hq9ttqYoEWTbvbwh_syhXMQLiEV.jpg?size=200x0&quality=96&crop=833,165,744,744&ava=1", "age": 40, "activation_key": "59ba39e42c9340379a6b5d99aa171c814204246d", "activation_key_expires": "2021-04-03T20:55:04.728Z", "groups": [], "user_permissions": []}}, {"model": "authapp.shopuser", "pk": 19, "fields": {"password": "pbkdf2_sha256$216000$IY361h979Tfu$dDWBEIOaZzlV/du+CHmqvE+D6QiKPSS5hI5PqlrnycY=", "last_login": null, "is_superuser": false, "username": "qwee", "first_name": "qwew", "last_name": "", "email": "aesd@qwe.re", "is_staff": false, "is_active": false, "date_joined": "2021-04-03T21:18:37.469Z", "avatar": "users_avatars/aBL9qYCAaIZaswsoZnaZ8_6KHHb5uVSbA26DQcKm0xXXT2l1vESIP1TLTa-z7Hq9ttqYoEWTbvbwh_syhXMQLiEV.jpg", "age": 43, "activation_key": "3971c9a83af1baee49945f53923e6988520cea7b", "activation_key_expires": "2021-04-03T21:18:37.580Z", "groups": [], "user_permissions": []}}, {"model": "authapp.shopuser", "pk": 20, "fields": {"password": "pbkdf2_sha256$216000$zJb9FJsNvIHl$0ViRB78D22UdlqoCVUG+CqMFtdSd2SqFRsD1I640ma8=", "last_login": null, "is_superuser": false, "username": "qwee34", "first_name": "qwew2", "last_name": "", "email": "aesd@qwe.xn--re-umc", "is_staff": false, "is_active": false, "date_joined": "2021-04-03T21:36:57.818Z", "avatar": "", "age": 38, "activation_key": "f8899c66ff6fb7d6dea443a52580b1e9afd6c314", "activation_key_expires": "2021-04-03T21:36:57.932Z", "groups": [], "user_permissions": []}}, {"model": "authapp.shopuser", "pk": 35, "fields": {"password": "pbkdf2_sha256$216000$hI7pICo1LFNy$Q/IbL4qjD9mrsXITnyw4eaTGfyQNWs75my4Fir/7QPM=", "last_login": "2021-04-04T19:49:28.879Z", "is_superuser": false, "username": "dgfh", "first_name": "dfg", "last_name": "", "email": "vaspupiy@mail.ru", "is_staff": false, "is_active": true, "date_joined": "2021-04-04T19:48:52.934Z", "avatar": "", "age": 65, "activation_key": "", "activation_key_expires": "2021-04-04T19:48:53.054Z", "groups": [], "user_permissions": []}}, {"model": "authapp.shopuser", "pk": 36, "fields": {"password": "pbkdf2_sha256$216000$OCzsmHJzCeQi$1ps1ljPzkCLPhthSzZiSDNsKdYQP24oyMroDSin/+dE=", "last_login": null, "is_superuser": false, "username": "sdf", "first_name": "sdfg", "last_name": "", "email": "sdfg@ds.tr", "is_staff": false, "is_active": false, "date_joined": "2021-04-04T19:58:12.908Z", "avatar": "", "age": 56, "activation_key": "d936086dc94b0157579c04d5f52b6561060c3263", "activation_key_expires": "2021-04-04T19:58:13.019Z", "groups": [], "user_permissions": []}}, {"model": "authapp.shopuser", "pk": 38, "fields": {"password": "pbkdf2_sha256$216000$5Thh8aiefXsB$Mc1vmWPmRYIJG1cXAZPd27qdyjEBIzJzk+w3WnJEDc8=", "last_login": null, "is_superuser": false, "username": "test_email", "first_name": "test_email", "last_name": "", "email": "test_email@gmail.com", "is_staff": false, "is_active": false, "date_joined": "2021-04-07T07:15:36.960Z", "avatar": "", "age": 18, "activation_key": "95440c44bf1bb39485f5277daac7f6a722fc0dc4", "activation_key_expires": "2021-04-07T07:15:37.116Z", "groups": [], "user_permissions": []}}, {"model": "authapp.shopuser", "pk": 39, "fields": {"password": "!AzcIxPUR36y5xM3lwdwGPSn8kxa0YduhlP9TTnRe", "last_login": "2021-04-09T07:31:47.694Z", "is_superuser": false, "username": "id209996808", "first_name": "Василий", "last_name": "Заморников", "email": "vaspupiy@mail.ru", "is_staff": false, "is_active": true, "date_joined": "2021-04-07T17:37:51.332Z", "avatar": "users_avatars/aBL9qYCAaIZaswsoZnaZ8_6KHHb5uVSbA26DQcKm0xXXT2l1vESIP1TLTa-z7Hq9ttqYoEWTbvbwh_syhXMQLiEV.jpg", "age": 42, "activation_key": "", "activation_key_expires": "2021-04-07T17:37:51.332Z", "groups": [], "user_permissions": []}}, {"model": "authapp.shopuser", "pk": 40, "fields": {"password": "pbkdf2_sha256$216000$xU5TxgGAG1sY$x7j5czfF0BNlodQu981neZqXL+NQauQwy4dZpKYcxHU=", "last_login": null, "is_superuser": false, "username": "test_08", "first_name": "test_08", "last_name": "", "email": "test_08@gmail.com", "is_staff": false, "is_active": true, "date_joined": "2021-04-08T07:15:52.049Z", "avatar": "users_avatars/mad-doctor-H1N1.jpg", "age": 18, "activation_key": "", "activation_key_expires": "2021-04-08T07:15:52.237Z", "groups": [], "user_permissions": []}}, {"model": "authapp.shopuser", "pk": 41, "fields": {"password": "pbkdf2_sha256$216000$Xls6exPeCTXK$Yl8bLYh98v1DExat+YNwX2xS1IzU5S/JjX5irNAX9pk=", "last_login": "2021-04-11T22:09:59.941Z", "is_superuser": false, "username": "test_09", "first_name": "test_09test_09", "last_name": "", "email": "test_09@gmail.com", "is_staff": false, "is_active": true, "date_joined": "2021-04-08T07:19:49.010Z", "avatar": "users_avatars/depositphotos_1696949-Drunk-Surgeon.jpg", "age": 18, "activation_key": "", "activation_key_expires": "2021-04-08T07:19:49.183Z", "groups": [], "user_permissions": []}}, {"model": "authapp.shopuser", "pk": 42, "fields": {"password": "!WhGPS1Eu7mZDupdmCVsSUlARiHKeLtLDemLkaeQq", "last_login": "2021-04-08T09:49:17.965Z", "is_superuser": false, "username": "zigzagpupiy", "first_name": "зигизмунд", "last_name": "мукусев", "email": "zigzagpupiy@gmail.com", "is_staff": false, "is_active": true, "date_joined": "2021-04-08T08:44:12.848Z", "avatar": "users_avatars/AOh14GiLTve4UMjK2XgXT7cE2c8PJi5wTCKv3X8wtADh=s96-c.jpg", "age": 18, "activation_key": "", "activation_key_expires": "2021-04-08T08:44:12.848Z", "groups": [], "user_permissions": []}}, {"model": "authapp.shopuser", "pk": 43, "fields": {"password": "pbkdf2_sha256$216000$Y0Y0jcDDKxDZ$aB6zWQK51KH0OTDojz7Iidq5JbyuFgGT9MaFEfhYxjo=", "last_login": "2021-04-29T18:53:11.618Z", "is_superuser": false, "username": "django2", "first_name": "", "last_name": "", "email": "django2@db.local", "is_staff": false, "is_active": true, "date_joined": "2021-04-29T18:49:50Z", "avatar": "", "age": 18, "activation_key": "7fdfc366e59458bf5e3f2d908346092dcc1816d9", "activation_key_expires": "2021-04-29T18:49:50.188Z", "groups": [], "user_permissions": []}}, {"model": "authapp.shopuser", "pk": 44, "fields": {"password": "pbkdf2_sha256$216000$yN0sYo6QDjjy$4pmNkNKrsVKGOJ5qW4Z34XzjDd6CVlGzzYopBMGKkbw=", "last_login": null, "is_superuser": false, "username": "django3434343", "first_name": "", "last_name": "", "email": "django2@db.local", "is_staff": false, "is_active": false, "date_joined": "2021-04-29T18:51:37.728Z", "avatar": "", "age": 18, "activation_key": "91aa51d3a47e31e11e74e9156d85a31da8218a06", "activation_key_expires": "2021-04-29T18:51:37.829Z", "groups": [], "user_permissions": []}}, {"model": "authapp.shopuserprofile", "pk": 1, "fields": {"user": 9, "tag_line": "", "about_me": "", "gender": ""}}, {"model": "authapp.shopuserprofile", "pk": 2, "fields": {"user": 14, "tag_line": "", "about_me": "", "gender": ""}}, {"model": "authapp.shopuserprofile", "pk": 3, "fields": {"user": 15, "tag_line": "", "about_me": "", "gender": ""}}, {"model": "authapp.shopuserprofile", "pk": 4, "fields": {"user": 16, "tag_line": "", "about_me": "", "gender": ""}}, {"model": "authapp.shopuserprofile", "pk": 5, "fields": {"user": 17, "tag_line": "", "about_me": "", "gender": ""}}, {"model": "authapp.shopuserprofile", "pk": 6, "fields": {"user": 18, "tag_line": "", "about_me": "", "gender": ""}}, {"model": "authapp.shopuserprofile", "pk": 7, "fields": {"user": 19, "tag_line": "", "about_me": "", "gender": ""}}, {"model": "authapp.shopuserprofile", "pk": 8, "fields": {"user": 20, "tag_line": "", "about_me": "", "gender": ""}}, {"model": "authapp.shopuserprofile", "pk": 9, "fields": {"user": 35, "tag_line": "", "about_me": "", "gender": ""}}, {"model": "authapp.shopuserprofile", "pk": 10, "fields": {"user": 36, "tag_line": "", "about_me": "", "gender": ""}}, {"model": "authapp.shopuserprofile", "pk": 12, "fields": {"user": 38, "tag_line": "", "about_me": "", "gender": ""}}, {"model": "authapp.shopuserprofile", "pk": 13, "fields": {"user": 39, "tag_line": "", "about_me": "", "gender": "M"}}, {"model": "authapp.shopuserprofile", "pk": 14, "fields": {"user": 40, "tag_line": "", "about_me": "", "gender": ""}}, {"model": "authapp.shopuserprofile", "pk": 15, "fields": {"user": 41, "tag_line": "", "about_me": "", "gender": ""}}, {"model": "authapp.shopuserprofile", "pk": 16, "fields": {"user": 42, "tag_line": "", "about_me": "", "gender": ""}}, {"model": "authapp.shopuserprofile", "pk": 17, "fields": {"user": 43, "tag_line": "", "about_me": "", "gender": ""}}, {"model": "authapp.shopuserprofile", "pk": 18, "fields": {"user": 44, "tag_line": "", "about_me": "", "gender": ""}}, {"model": "basketapp.basket", "pk": 122, "fields": {"user": 9, "product": 63, "quantity": 5, "add_datetime": "2021-04-28T17:08:39.327Z"}}, {"model": "basketapp.basket", "pk": 123, "fields": {"user": 9, "product": 58, "quantity": 1, "add_datetime": "2021-04-28T17:11:07.068Z"}}, {"model": "basketapp.basket", "pk": 124, "fields": {"user": 9, "product": 60, "quantity": 1, "add_datetime": "2021-04-28T17:11:08.380Z"}}]